{"cameraMode":{"drawMode":2,"name":"Shaded Wireframe","section":"Shading Mode"},"sceneLighting":false,"audioPlay":false,"sceneViewState":{"showFog":true,"showMaterialUpdate":false,"showSkybox":true,"showFlares":true,"showImageEffects":true,"showParticleSystems":true},"in2DMode":false,"pivot":{"x":0.46570032835006716,"y":-0.12790799140930177,"z":-0.6209181547164917},"rotation":{"x":-0.6332371234893799,"y":0.01090985257178545,"z":-0.00892759021371603,"w":-0.7738298177719116},"size":11.165124893188477,"orthographic":false}