{"cameraMode":{"drawMode":0,"name":"Shaded","section":"Shading Mode"},"sceneLighting":false,"audioPlay":false,"sceneViewState":{"showFog":true,"showMaterialUpdate":false,"showSkybox":true,"showFlares":true,"showImageEffects":true,"showParticleSystems":true},"in2DMode":false,"pivot":{"x":-0.7128623723983765,"y":2.290064573287964,"z":1.7469120025634766},"rotation":{"x":-0.17482063174247743,"y":-0.3248450458049774,"z":0.061231572180986407,"w":-0.927451491355896},"size":15.622698783874512,"orthographic":false}