{"cameraMode":{"drawMode":2,"name":"Shaded Wireframe","section":"Shading Mode"},"sceneLighting":false,"audioPlay":false,"sceneViewState":{"showFog":true,"showMaterialUpdate":false,"showSkybox":true,"showFlares":true,"showImageEffects":true,"showParticleSystems":true},"in2DMode":false,"pivot":{"x":-1.9200191497802735,"y":0.3608424663543701,"z":2.38045597076416},"rotation":{"x":-0.2054554969072342,"y":-0.6287634968757629,"z":0.17727525532245637,"w":-0.7287107706069946},"size":8.146004676818848,"orthographic":false}