{"cameraMode":{"drawMode":0,"name":"Shaded","section":"Shading Mode"},"sceneLighting":false,"audioPlay":false,"sceneViewState":{"showFog":true,"showMaterialUpdate":false,"showSkybox":true,"showFlares":true,"showImageEffects":true,"showParticleSystems":true},"in2DMode":false,"pivot":{"x":-3.0109386444091799,"y":1.663175106048584,"z":4.292977809906006},"rotation":{"x":0.388653963804245,"y":0.2689426839351654,"z":-0.11971783638000488,"w":0.8730960488319397},"size":21.729040145874025,"orthographic":false}